{
  "message": "Countries retrieved successfully",
  "data": [
    {
      "name": "Afghanistan",
      "countryCode": "+93",
      "isoCode": "AF",
      "isDeleted": false,
      "slug": "afghanistan",
      "createdAt": "2017-09-27T14:25:55.246Z",
      "updatedAt": "2017-09-27T14:25:55.246Z",
      "id": "59cbb4f310f24a29008009b8"
    },
    {
      "name": "Albania",
      "countryCode": "+355",
      "isoCode": "AL",
      "isDeleted": false,
      "slug": "albania",
      "createdAt": "2017-09-27T14:25:55.247Z",
      "updatedAt": "2017-09-27T14:25:55.247Z",
      "id": "59cbb4f310f24a29008009b9"
    },
    {
      "name": "Algeria",
      "countryCode": "+213",
      "isoCode": "DZ",
      "isDeleted": false,
      "slug": "algeria",
      "createdAt": "2017-09-27T14:25:55.249Z",
      "updatedAt": "2017-09-27T14:25:55.249Z",
      "id": "59cbb4f310f24a29008009ba"
    },
    {
      "name": "AmericanSamoa",
      "countryCode": "+1 684",
      "isoCode": "AS",
      "isDeleted": false,
      "slug": "americansamoa",
      "createdAt": "2017-09-27T14:25:55.249Z",
      "updatedAt": "2017-09-27T14:25:55.249Z",
      "id": "59cbb4f310f24a29008009bb"
    },
    {
      "name": "Andorra",
      "countryCode": "+376",
      "isoCode": "AD",
      "isDeleted": false,
      "slug": "andorra",
      "createdAt": "2017-09-27T14:25:55.249Z",
      "updatedAt": "2017-09-27T14:25:55.249Z",
      "id": "59cbb4f310f24a29008009bc"
    },
    {
      "name": "Angola",
      "countryCode": "+244",
      "isoCode": "AO",
      "isDeleted": false,
      "slug": "angola",
      "createdAt": "2017-09-27T14:25:55.250Z",
      "updatedAt": "2017-09-27T14:25:55.250Z",
      "id": "59cbb4f310f24a29008009bd"
    },
    {
      "name": "Anguilla",
      "countryCode": "+1 264",
      "isoCode": "AI",
      "isDeleted": false,
      "slug": "anguilla",
      "createdAt": "2017-09-27T14:25:55.250Z",
      "updatedAt": "2017-09-27T14:25:55.250Z",
      "id": "59cbb4f310f24a29008009be"
    },
    {
      "name": "Antigua and Barbuda",
      "countryCode": "+1268",
      "isoCode": "AG",
      "isDeleted": false,
      "slug": "antigua-and-barbuda",
      "createdAt": "2017-09-27T14:25:55.251Z",
      "updatedAt": "2017-09-27T14:25:55.251Z",
      "id": "59cbb4f310f24a29008009bf"
    },
    {
      "name": "Argentina",
      "countryCode": "+54",
      "isoCode": "AR",
      "isDeleted": false,
      "slug": "argentina",
      "createdAt": "2017-09-27T14:25:55.251Z",
      "updatedAt": "2017-09-27T14:25:55.251Z",
      "id": "59cbb4f310f24a29008009c0"
    },
    {
      "name": "Armenia",
      "countryCode": "+374",
      "isoCode": "AM",
      "isDeleted": false,
      "slug": "armenia",
      "createdAt": "2017-09-27T14:25:55.251Z",
      "updatedAt": "2017-09-27T14:25:55.251Z",
      "id": "59cbb4f310f24a29008009c1"
    },
    {
      "name": "Aruba",
      "countryCode": "+297",
      "isoCode": "AW",
      "isDeleted": false,
      "slug": "aruba",
      "createdAt": "2017-09-27T14:25:55.252Z",
      "updatedAt": "2017-09-27T14:25:55.252Z",
      "id": "59cbb4f310f24a29008009c2"
    },
    {
      "name": "Australia",
      "countryCode": "+61",
      "isoCode": "AU",
      "isDeleted": false,
      "slug": "australia",
      "createdAt": "2017-09-27T14:25:55.253Z",
      "updatedAt": "2017-09-27T14:25:55.253Z",
      "id": "59cbb4f310f24a29008009c3"
    },
    {
      "name": "Austria",
      "countryCode": "+43",
      "isoCode": "AT",
      "isDeleted": false,
      "slug": "austria",
      "createdAt": "2017-09-27T14:25:55.253Z",
      "updatedAt": "2017-09-27T14:25:55.253Z",
      "id": "59cbb4f310f24a29008009c4"
    },
    {
      "name": "Azerbaijan",
      "countryCode": "+994",
      "isoCode": "AZ",
      "isDeleted": false,
      "slug": "azerbaijan",
      "createdAt": "2017-09-27T14:25:55.254Z",
      "updatedAt": "2017-09-27T14:25:55.254Z",
      "id": "59cbb4f310f24a29008009c5"
    },
    {
      "name": "Bahamas",
      "countryCode": "+1 242",
      "isoCode": "BS",
      "isDeleted": false,
      "slug": "bahamas",
      "createdAt": "2017-09-27T14:25:55.254Z",
      "updatedAt": "2017-09-27T14:25:55.254Z",
      "id": "59cbb4f310f24a29008009c6"
    },
    {
      "name": "Bahrain",
      "countryCode": "+973",
      "isoCode": "BH",
      "isDeleted": false,
      "slug": "bahrain",
      "createdAt": "2017-09-27T14:25:55.254Z",
      "updatedAt": "2017-09-27T14:25:55.254Z",
      "id": "59cbb4f310f24a29008009c7"
    },
    {
      "name": "Bangladesh",
      "countryCode": "+880",
      "isoCode": "BD",
      "isDeleted": false,
      "slug": "bangladesh",
      "createdAt": "2017-09-27T14:25:55.258Z",
      "updatedAt": "2017-09-27T14:25:55.258Z",
      "id": "59cbb4f310f24a29008009c8"
    },
    {
      "name": "Barbados",
      "countryCode": "+1 246",
      "isoCode": "BB",
      "isDeleted": false,
      "slug": "barbados",
      "createdAt": "2017-09-27T14:25:55.258Z",
      "updatedAt": "2017-09-27T14:25:55.258Z",
      "id": "59cbb4f310f24a29008009c9"
    },
    {
      "name": "Belarus",
      "countryCode": "+375",
      "isoCode": "BY",
      "isDeleted": false,
      "slug": "belarus",
      "createdAt": "2017-09-27T14:25:55.259Z",
      "updatedAt": "2017-09-27T14:25:55.259Z",
      "id": "59cbb4f310f24a29008009ca"
    },
    {
      "name": "Belgium",
      "countryCode": "+32",
      "isoCode": "BE",
      "isDeleted": false,
      "slug": "belgium",
      "createdAt": "2017-09-27T14:25:55.260Z",
      "updatedAt": "2017-09-27T14:25:55.260Z",
      "id": "59cbb4f310f24a29008009cb"
    },
    {
      "name": "Belize",
      "countryCode": "+501",
      "isoCode": "BZ",
      "isDeleted": false,
      "slug": "belize",
      "createdAt": "2017-09-27T14:25:55.261Z",
      "updatedAt": "2017-09-27T14:25:55.261Z",
      "id": "59cbb4f310f24a29008009cc"
    },
    {
      "name": "Benin",
      "countryCode": "+229",
      "isoCode": "BJ",
      "isDeleted": false,
      "slug": "benin",
      "createdAt": "2017-09-27T14:25:55.261Z",
      "updatedAt": "2017-09-27T14:25:55.261Z",
      "id": "59cbb4f310f24a29008009cd"
    },
    {
      "name": "Bermuda",
      "countryCode": "+1 441",
      "isoCode": "BM",
      "isDeleted": false,
      "slug": "bermuda",
      "createdAt": "2017-09-27T14:25:55.262Z",
      "updatedAt": "2017-09-27T14:25:55.262Z",
      "id": "59cbb4f310f24a29008009ce"
    },
    {
      "name": "Bhutan",
      "countryCode": "+975",
      "isoCode": "BT",
      "isDeleted": false,
      "slug": "bhutan",
      "createdAt": "2017-09-27T14:25:55.262Z",
      "updatedAt": "2017-09-27T14:25:55.262Z",
      "id": "59cbb4f310f24a29008009cf"
    },
    {
      "name": "Bolivia, Plurinational State of",
      "countryCode": "+591",
      "isoCode": "BO",
      "isDeleted": false,
      "slug": "bolivia-plurinational-state-of",
      "createdAt": "2017-09-27T14:25:55.340Z",
      "updatedAt": "2017-09-27T14:25:55.340Z",
      "id": "59cbb4f310f24a2900800a7a"
    },
    {
      "name": "Bosnia and Herzegovina",
      "countryCode": "+387",
      "isoCode": "BA",
      "isDeleted": false,
      "slug": "bosnia-and-herzegovina",
      "createdAt": "2017-09-27T14:25:55.263Z",
      "updatedAt": "2017-09-27T14:25:55.263Z",
      "id": "59cbb4f310f24a29008009d0"
    },
    {
      "name": "Botswana",
      "countryCode": "+267",
      "isoCode": "BW",
      "isDeleted": false,
      "slug": "botswana",
      "createdAt": "2017-09-27T14:25:55.263Z",
      "updatedAt": "2017-09-27T14:25:55.263Z",
      "id": "59cbb4f310f24a29008009d1"
    },
    {
      "name": "Brazil",
      "countryCode": "+55",
      "isoCode": "BR",
      "isDeleted": false,
      "slug": "brazil",
      "createdAt": "2017-09-27T14:25:55.263Z",
      "updatedAt": "2017-09-27T14:25:55.263Z",
      "id": "59cbb4f310f24a29008009d2"
    },
    {
      "name": "British Indian Ocean Territory",
      "countryCode": "+246",
      "isoCode": "IO",
      "isDeleted": false,
      "slug": "british-indian-ocean-territory",
      "createdAt": "2017-09-27T14:25:55.265Z",
      "updatedAt": "2017-09-27T14:25:55.265Z",
      "id": "59cbb4f310f24a29008009d3"
    },
    {
      "name": "Brunei Darussalam",
      "countryCode": "+673",
      "isoCode": "BN",
      "isDeleted": false,
      "slug": "brunei-darussalam",
      "createdAt": "2017-09-27T14:25:55.340Z",
      "updatedAt": "2017-09-27T14:25:55.340Z",
      "id": "59cbb4f310f24a2900800a7b"
    },
    {
      "name": "Bulgaria",
      "countryCode": "+359",
      "isoCode": "BG",
      "isDeleted": false,
      "slug": "bulgaria",
      "createdAt": "2017-09-27T14:25:55.265Z",
      "updatedAt": "2017-09-27T14:25:55.265Z",
      "id": "59cbb4f310f24a29008009d4"
    },
    {
      "name": "Burkina Faso",
      "countryCode": "+226",
      "isoCode": "BF",
      "isDeleted": false,
      "slug": "burkina-faso",
      "createdAt": "2017-09-27T14:25:55.265Z",
      "updatedAt": "2017-09-27T14:25:55.265Z",
      "id": "59cbb4f310f24a29008009d5"
    },
    {
      "name": "Burundi",
      "countryCode": "+257",
      "isoCode": "BI",
      "isDeleted": false,
      "slug": "burundi",
      "createdAt": "2017-09-27T14:25:55.266Z",
      "updatedAt": "2017-09-27T14:25:55.266Z",
      "id": "59cbb4f310f24a29008009d6"
    },
    {
      "name": "Cambodia",
      "countryCode": "+855",
      "isoCode": "KH",
      "isDeleted": false,
      "slug": "cambodia",
      "createdAt": "2017-09-27T14:25:55.268Z",
      "updatedAt": "2017-09-27T14:25:55.268Z",
      "id": "59cbb4f310f24a29008009d7"
    },
    {
      "name": "Cameroon",
      "countryCode": "+237",
      "isoCode": "CM",
      "isDeleted": false,
      "slug": "cameroon",
      "createdAt": "2017-09-27T14:25:55.269Z",
      "updatedAt": "2017-09-27T14:25:55.269Z",
      "id": "59cbb4f310f24a29008009d8"
    },
    {
      "name": "Canada",
      "countryCode": "+1",
      "isoCode": "CA",
      "isDeleted": false,
      "slug": "canada",
      "createdAt": "2017-09-27T14:25:55.269Z",
      "updatedAt": "2017-09-27T14:25:55.269Z",
      "id": "59cbb4f310f24a29008009d9"
    },
    {
      "name": "Cape Verde",
      "countryCode": "+238",
      "isoCode": "CV",
      "isDeleted": false,
      "slug": "cape-verde",
      "createdAt": "2017-09-27T14:25:55.269Z",
      "updatedAt": "2017-09-27T14:25:55.269Z",
      "id": "59cbb4f310f24a29008009da"
    },
    {
      "name": "Cayman Islands",
      "countryCode": "+ 345",
      "isoCode": "KY",
      "isDeleted": false,
      "slug": "cayman-islands",
      "createdAt": "2017-09-27T14:25:55.270Z",
      "updatedAt": "2017-09-27T14:25:55.270Z",
      "id": "59cbb4f310f24a29008009db"
    },
    {
      "name": "Central African Republic",
      "countryCode": "+236",
      "isoCode": "CF",
      "isDeleted": false,
      "slug": "central-african-republic",
      "createdAt": "2017-09-27T14:25:55.270Z",
      "updatedAt": "2017-09-27T14:25:55.270Z",
      "id": "59cbb4f310f24a29008009dc"
    },
    {
      "name": "Chad",
      "countryCode": "+235",
      "isoCode": "TD",
      "isDeleted": false,
      "slug": "chad",
      "createdAt": "2017-09-27T14:25:55.270Z",
      "updatedAt": "2017-09-27T14:25:55.270Z",
      "id": "59cbb4f310f24a29008009dd"
    },
    {
      "name": "Chile",
      "countryCode": "+56",
      "isoCode": "CL",
      "isDeleted": false,
      "slug": "chile",
      "createdAt": "2017-09-27T14:25:55.271Z",
      "updatedAt": "2017-09-27T14:25:55.271Z",
      "id": "59cbb4f310f24a29008009de"
    },
    {
      "name": "China",
      "countryCode": "+86",
      "isoCode": "CN",
      "isDeleted": false,
      "slug": "china",
      "createdAt": "2017-09-27T14:25:55.271Z",
      "updatedAt": "2017-09-27T14:25:55.271Z",
      "id": "59cbb4f310f24a29008009df"
    },
    {
      "name": "Christmas Island",
      "countryCode": "+61",
      "isoCode": "CX",
      "isDeleted": false,
      "slug": "christmas-island",
      "createdAt": "2017-09-27T14:25:55.271Z",
      "updatedAt": "2017-09-27T14:25:55.271Z",
      "id": "59cbb4f310f24a29008009e0"
    },
    {
      "name": "Cocos (Keeling) Islands",
      "countryCode": "+61",
      "isoCode": "CC",
      "isDeleted": false,
      "slug": "cocos-keeling-islands",
      "createdAt": "2017-09-27T14:25:55.340Z",
      "updatedAt": "2017-09-27T14:25:55.340Z",
      "id": "59cbb4f310f24a2900800a7c"
    },
    {
      "name": "Colombia",
      "countryCode": "+57",
      "isoCode": "CO",
      "isDeleted": false,
      "slug": "colombia",
      "createdAt": "2017-09-27T14:25:55.274Z",
      "updatedAt": "2017-09-27T14:25:55.274Z",
      "id": "59cbb4f310f24a29008009e1"
    },
    {
      "name": "Comoros",
      "countryCode": "+269",
      "isoCode": "KM",
      "isDeleted": false,
      "slug": "comoros",
      "createdAt": "2017-09-27T14:25:55.275Z",
      "updatedAt": "2017-09-27T14:25:55.275Z",
      "id": "59cbb4f310f24a29008009e2"
    },
    {
      "name": "Congo",
      "countryCode": "+242",
      "isoCode": "CG",
      "isDeleted": false,
      "slug": "congo",
      "createdAt": "2017-09-27T14:25:55.275Z",
      "updatedAt": "2017-09-27T14:25:55.275Z",
      "id": "59cbb4f310f24a29008009e3"
    },
    {
      "name": "Congo, The Democratic Republic of the",
      "countryCode": "+243",
      "isoCode": "CD",
      "isDeleted": false,
      "slug": "congo-the-democratic-republic-of-the",
      "createdAt": "2017-09-27T14:25:55.341Z",
      "updatedAt": "2017-09-27T14:25:55.341Z",
      "id": "59cbb4f310f24a2900800a7d"
    },
    {
      "name": "Cook Islands",
      "countryCode": "+682",
      "isoCode": "CK",
      "isDeleted": false,
      "slug": "cook-islands",
      "createdAt": "2017-09-27T14:25:55.275Z",
      "updatedAt": "2017-09-27T14:25:55.275Z",
      "id": "59cbb4f310f24a29008009e4"
    },
    {
      "name": "Costa Rica",
      "countryCode": "+506",
      "isoCode": "CR",
      "isDeleted": false,
      "slug": "costa-rica",
      "createdAt": "2017-09-27T14:25:55.275Z",
      "updatedAt": "2017-09-27T14:25:55.275Z",
      "id": "59cbb4f310f24a29008009e5"
    },
    {
      "name": "Cote d'Ivoire",
      "countryCode": "+225",
      "isoCode": "CI",
      "isDeleted": false,
      "slug": "cote-divoire",
      "createdAt": "2017-09-27T14:25:55.341Z",
      "updatedAt": "2017-09-27T14:25:55.341Z",
      "id": "59cbb4f310f24a2900800a7e"
    },
    {
      "name": "Croatia",
      "countryCode": "+385",
      "isoCode": "HR",
      "isDeleted": false,
      "slug": "croatia",
      "createdAt": "2017-09-27T14:25:55.276Z",
      "updatedAt": "2017-09-27T14:25:55.276Z",
      "id": "59cbb4f310f24a29008009e6"
    },
    {
      "name": "Cuba",
      "countryCode": "+53",
      "isoCode": "CU",
      "isDeleted": false,
      "slug": "cuba",
      "createdAt": "2017-09-27T14:25:55.276Z",
      "updatedAt": "2017-09-27T14:25:55.276Z",
      "id": "59cbb4f310f24a29008009e7"
    },
    {
      "name": "Cyprus",
      "countryCode": "+537",
      "isoCode": "CY",
      "isDeleted": false,
      "slug": "cyprus",
      "createdAt": "2017-09-27T14:25:55.277Z",
      "updatedAt": "2017-09-27T14:25:55.277Z",
      "id": "59cbb4f310f24a29008009e8"
    },
    {
      "name": "Czech Republic",
      "countryCode": "+420",
      "isoCode": "CZ",
      "isDeleted": false,
      "slug": "czech-republic",
      "createdAt": "2017-09-27T14:25:55.277Z",
      "updatedAt": "2017-09-27T14:25:55.277Z",
      "id": "59cbb4f310f24a29008009e9"
    },
    {
      "name": "Denmark",
      "countryCode": "+45",
      "isoCode": "DK",
      "isDeleted": false,
      "slug": "denmark",
      "createdAt": "2017-09-27T14:25:55.278Z",
      "updatedAt": "2017-09-27T14:25:55.278Z",
      "id": "59cbb4f310f24a29008009ea"
    },
    {
      "name": "Djibouti",
      "countryCode": "+253",
      "isoCode": "DJ",
      "isDeleted": false,
      "slug": "djibouti",
      "createdAt": "2017-09-27T14:25:55.278Z",
      "updatedAt": "2017-09-27T14:25:55.278Z",
      "id": "59cbb4f310f24a29008009eb"
    },
    {
      "name": "Dominica",
      "countryCode": "+1 767",
      "isoCode": "DM",
      "isDeleted": false,
      "slug": "dominica",
      "createdAt": "2017-09-27T14:25:55.279Z",
      "updatedAt": "2017-09-27T14:25:55.279Z",
      "id": "59cbb4f310f24a29008009ec"
    },
    {
      "name": "Dominican Republic",
      "countryCode": "+1 849",
      "isoCode": "DO",
      "isDeleted": false,
      "slug": "dominican-republic",
      "createdAt": "2017-09-27T14:25:55.279Z",
      "updatedAt": "2017-09-27T14:25:55.279Z",
      "id": "59cbb4f310f24a29008009ed"
    },
    {
      "name": "Ecuador",
      "countryCode": "+593",
      "isoCode": "EC",
      "isDeleted": false,
      "slug": "ecuador",
      "createdAt": "2017-09-27T14:25:55.279Z",
      "updatedAt": "2017-09-27T14:25:55.279Z",
      "id": "59cbb4f310f24a29008009ee"
    },
    {
      "name": "Egypt",
      "countryCode": "+20",
      "isoCode": "EG",
      "isDeleted": false,
      "slug": "egypt",
      "createdAt": "2017-09-27T14:25:55.280Z",
      "updatedAt": "2017-09-27T14:25:55.280Z",
      "id": "59cbb4f310f24a29008009ef"
    },
    {
      "name": "El Salvador",
      "countryCode": "+503",
      "isoCode": "SV",
      "isDeleted": false,
      "slug": "el-salvador",
      "createdAt": "2017-09-27T14:25:55.281Z",
      "updatedAt": "2017-09-27T14:25:55.281Z",
      "id": "59cbb4f310f24a29008009f0"
    },
    {
      "name": "Equatorial Guinea",
      "countryCode": "+240",
      "isoCode": "GQ",
      "isDeleted": false,
      "slug": "equatorial-guinea",
      "createdAt": "2017-09-27T14:25:55.281Z",
      "updatedAt": "2017-09-27T14:25:55.281Z",
      "id": "59cbb4f310f24a29008009f1"
    },
    {
      "name": "Eritrea",
      "countryCode": "+291",
      "isoCode": "ER",
      "isDeleted": false,
      "slug": "eritrea",
      "createdAt": "2017-09-27T14:25:55.281Z",
      "updatedAt": "2017-09-27T14:25:55.281Z",
      "id": "59cbb4f310f24a29008009f2"
    },
    {
      "name": "Estonia",
      "countryCode": "+372",
      "isoCode": "EE",
      "isDeleted": false,
      "slug": "estonia",
      "createdAt": "2017-09-27T14:25:55.282Z",
      "updatedAt": "2017-09-27T14:25:55.282Z",
      "id": "59cbb4f310f24a29008009f3"
    },
    {
      "name": "Ethiopia",
      "countryCode": "+251",
      "isoCode": "ET",
      "isDeleted": false,
      "slug": "ethiopia",
      "createdAt": "2017-09-27T14:25:55.282Z",
      "updatedAt": "2017-09-27T14:25:55.282Z",
      "id": "59cbb4f310f24a29008009f4"
    },
    {
      "name": "Falkland Islands (Malvinas)",
      "countryCode": "+500",
      "isoCode": "FK",
      "isDeleted": false,
      "slug": "falkland-islands-malvinas",
      "createdAt": "2017-09-27T14:25:55.341Z",
      "updatedAt": "2017-09-27T14:25:55.341Z",
      "id": "59cbb4f310f24a2900800a7f"
    },
    {
      "name": "Faroe Islands",
      "countryCode": "+298",
      "isoCode": "FO",
      "isDeleted": false,
      "slug": "faroe-islands",
      "createdAt": "2017-09-27T14:25:55.283Z",
      "updatedAt": "2017-09-27T14:25:55.283Z",
      "id": "59cbb4f310f24a29008009f5"
    },
    {
      "name": "Fiji",
      "countryCode": "+679",
      "isoCode": "FJ",
      "isDeleted": false,
      "slug": "fiji",
      "createdAt": "2017-09-27T14:25:55.283Z",
      "updatedAt": "2017-09-27T14:25:55.283Z",
      "id": "59cbb4f310f24a29008009f6"
    },
    {
      "name": "Finland",
      "countryCode": "+358",
      "isoCode": "FI",
      "isDeleted": false,
      "slug": "finland",
      "createdAt": "2017-09-27T14:25:55.284Z",
      "updatedAt": "2017-09-27T14:25:55.284Z",
      "id": "59cbb4f310f24a29008009f7"
    },
    {
      "name": "France",
      "countryCode": "+33",
      "isoCode": "FR",
      "isDeleted": false,
      "slug": "france",
      "createdAt": "2017-09-27T14:25:55.284Z",
      "updatedAt": "2017-09-27T14:25:55.284Z",
      "id": "59cbb4f310f24a29008009f8"
    },
    {
      "name": "French Guiana",
      "countryCode": "+594",
      "isoCode": "GF",
      "isDeleted": false,
      "slug": "french-guiana",
      "createdAt": "2017-09-27T14:25:55.285Z",
      "updatedAt": "2017-09-27T14:25:55.285Z",
      "id": "59cbb4f310f24a29008009f9"
    },
    {
      "name": "French Polynesia",
      "countryCode": "+689",
      "isoCode": "PF",
      "isDeleted": false,
      "slug": "french-polynesia",
      "createdAt": "2017-09-27T14:25:55.285Z",
      "updatedAt": "2017-09-27T14:25:55.285Z",
      "id": "59cbb4f310f24a29008009fa"
    },
    {
      "name": "Gabon",
      "countryCode": "+241",
      "isoCode": "GA",
      "isDeleted": false,
      "slug": "gabon",
      "createdAt": "2017-09-27T14:25:55.286Z",
      "updatedAt": "2017-09-27T14:25:55.286Z",
      "id": "59cbb4f310f24a29008009fb"
    },
    {
      "name": "Gambia",
      "countryCode": "+220",
      "isoCode": "GM",
      "isDeleted": false,
      "slug": "gambia",
      "createdAt": "2017-09-27T14:25:55.286Z",
      "updatedAt": "2017-09-27T14:25:55.286Z",
      "id": "59cbb4f310f24a29008009fc"
    },
    {
      "name": "Georgia",
      "countryCode": "+995",
      "isoCode": "GE",
      "isDeleted": false,
      "slug": "georgia",
      "createdAt": "2017-09-27T14:25:55.286Z",
      "updatedAt": "2017-09-27T14:25:55.286Z",
      "id": "59cbb4f310f24a29008009fd"
    },
    {
      "name": "Germany",
      "countryCode": "+49",
      "isoCode": "DE",
      "isDeleted": false,
      "slug": "germany",
      "createdAt": "2017-09-27T14:25:55.287Z",
      "updatedAt": "2017-09-27T14:25:55.287Z",
      "id": "59cbb4f310f24a29008009fe"
    },
    {
      "name": "Ghana",
      "countryCode": "+233",
      "isoCode": "GH",
      "isDeleted": false,
      "slug": "ghana",
      "createdAt": "2017-09-27T14:25:55.288Z",
      "updatedAt": "2017-09-27T14:25:55.288Z",
      "id": "59cbb4f310f24a29008009ff"
    },
    {
      "name": "Gibraltar",
      "countryCode": "+350",
      "isoCode": "GI",
      "isDeleted": false,
      "slug": "gibraltar",
      "createdAt": "2017-09-27T14:25:55.289Z",
      "updatedAt": "2017-09-27T14:25:55.289Z",
      "id": "59cbb4f310f24a2900800a00"
    },
    {
      "name": "Greece",
      "countryCode": "+30",
      "isoCode": "GR",
      "isDeleted": false,
      "slug": "greece",
      "createdAt": "2017-09-27T14:25:55.289Z",
      "updatedAt": "2017-09-27T14:25:55.289Z",
      "id": "59cbb4f310f24a2900800a01"
    },
    {
      "name": "Greenland",
      "countryCode": "+299",
      "isoCode": "GL",
      "isDeleted": false,
      "slug": "greenland",
      "createdAt": "2017-09-27T14:25:55.289Z",
      "updatedAt": "2017-09-27T14:25:55.289Z",
      "id": "59cbb4f310f24a2900800a02"
    },
    {
      "name": "Grenada",
      "countryCode": "+1 473",
      "isoCode": "GD",
      "isDeleted": false,
      "slug": "grenada",
      "createdAt": "2017-09-27T14:25:55.290Z",
      "updatedAt": "2017-09-27T14:25:55.290Z",
      "id": "59cbb4f310f24a2900800a03"
    },
    {
      "name": "Guadeloupe",
      "countryCode": "+590",
      "isoCode": "GP",
      "isDeleted": false,
      "slug": "guadeloupe",
      "createdAt": "2017-09-27T14:25:55.290Z",
      "updatedAt": "2017-09-27T14:25:55.290Z",
      "id": "59cbb4f310f24a2900800a04"
    },
    {
      "name": "Guam",
      "countryCode": "+1 671",
      "isoCode": "GU",
      "isDeleted": false,
      "slug": "guam",
      "createdAt": "2017-09-27T14:25:55.291Z",
      "updatedAt": "2017-09-27T14:25:55.291Z",
      "id": "59cbb4f310f24a2900800a05"
    },
    {
      "name": "Guatemala",
      "countryCode": "+502",
      "isoCode": "GT",
      "isDeleted": false,
      "slug": "guatemala",
      "createdAt": "2017-09-27T14:25:55.291Z",
      "updatedAt": "2017-09-27T14:25:55.291Z",
      "id": "59cbb4f310f24a2900800a06"
    },
    {
      "name": "Guernsey",
      "countryCode": "+44",
      "isoCode": "GG",
      "isDeleted": false,
      "slug": "guernsey",
      "createdAt": "2017-09-27T14:25:55.341Z",
      "updatedAt": "2017-09-27T14:25:55.341Z",
      "id": "59cbb4f310f24a2900800a80"
    },
    {
      "name": "Guinea",
      "countryCode": "+224",
      "isoCode": "GN",
      "isDeleted": false,
      "slug": "guinea",
      "createdAt": "2017-09-27T14:25:55.292Z",
      "updatedAt": "2017-09-27T14:25:55.292Z",
      "id": "59cbb4f310f24a2900800a07"
    },
    {
      "name": "Guinea-Bissau",
      "countryCode": "+245",
      "isoCode": "GW",
      "isDeleted": false,
      "slug": "guinea-bissau",
      "createdAt": "2017-09-27T14:25:55.292Z",
      "updatedAt": "2017-09-27T14:25:55.292Z",
      "id": "59cbb4f310f24a2900800a08"
    },
    {
      "name": "Guyana",
      "countryCode": "+595",
      "isoCode": "GY",
      "isDeleted": false,
      "slug": "guyana",
      "createdAt": "2017-09-27T14:25:55.292Z",
      "updatedAt": "2017-09-27T14:25:55.292Z",
      "id": "59cbb4f310f24a2900800a09"
    },
    {
      "name": "Haiti",
      "countryCode": "+509",
      "isoCode": "HT",
      "isDeleted": false,
      "slug": "haiti",
      "createdAt": "2017-09-27T14:25:55.293Z",
      "updatedAt": "2017-09-27T14:25:55.293Z",
      "id": "59cbb4f310f24a2900800a0a"
    },
    {
      "name": "Holy See (Vatican City State)",
      "countryCode": "+379",
      "isoCode": "VA",
      "isDeleted": false,
      "slug": "holy-see-vatican-city-state",
      "createdAt": "2017-09-27T14:25:55.342Z",
      "updatedAt": "2017-09-27T14:25:55.342Z",
      "id": "59cbb4f310f24a2900800a81"
    },
    {
      "name": "Honduras",
      "countryCode": "+504",
      "isoCode": "HN",
      "isDeleted": false,
      "slug": "honduras",
      "createdAt": "2017-09-27T14:25:55.293Z",
      "updatedAt": "2017-09-27T14:25:55.293Z",
      "id": "59cbb4f310f24a2900800a0b"
    },
    {
      "name": "Hong Kong",
      "countryCode": "+852",
      "isoCode": "HK",
      "isDeleted": false,
      "slug": "hong-kong",
      "createdAt": "2017-09-27T14:25:55.342Z",
      "updatedAt": "2017-09-27T14:25:55.342Z",
      "id": "59cbb4f310f24a2900800a82"
    },
    {
      "name": "Hungary",
      "countryCode": "+36",
      "isoCode": "HU",
      "isDeleted": false,
      "slug": "hungary",
      "createdAt": "2017-09-27T14:25:55.293Z",
      "updatedAt": "2017-09-27T14:25:55.293Z",
      "id": "59cbb4f310f24a2900800a0c"
    },
    {
      "name": "Iceland",
      "countryCode": "+354",
      "isoCode": "IS",
      "isDeleted": false,
      "slug": "iceland",
      "createdAt": "2017-09-27T14:25:55.293Z",
      "updatedAt": "2017-09-27T14:25:55.293Z",
      "id": "59cbb4f310f24a2900800a0d"
    },
    {
      "name": "India",
      "countryCode": "+91",
      "isoCode": "IN",
      "isDeleted": false,
      "slug": "india",
      "createdAt": "2017-09-27T14:25:55.294Z",
      "updatedAt": "2017-09-27T14:25:55.294Z",
      "id": "59cbb4f310f24a2900800a0e"
    },
    {
      "name": "Indonesia",
      "countryCode": "+62",
      "isoCode": "ID",
      "isDeleted": false,
      "slug": "indonesia",
      "createdAt": "2017-09-27T14:25:55.294Z",
      "updatedAt": "2017-09-27T14:25:55.294Z",
      "id": "59cbb4f310f24a2900800a0f"
    },
    {
      "name": "Iran, Islamic Republic of",
      "countryCode": "+98",
      "isoCode": "IR",
      "isDeleted": false,
      "slug": "iran-islamic-republic-of",
      "createdAt": "2017-09-27T14:25:55.343Z",
      "updatedAt": "2017-09-27T14:25:55.343Z",
      "id": "59cbb4f310f24a2900800a83"
    },
    {
      "name": "Iraq",
      "countryCode": "+964",
      "isoCode": "IQ",
      "isDeleted": false,
      "slug": "iraq",
      "createdAt": "2017-09-27T14:25:55.294Z",
      "updatedAt": "2017-09-27T14:25:55.294Z",
      "id": "59cbb4f310f24a2900800a10"
    },
    {
      "name": "Ireland",
      "countryCode": "+353",
      "isoCode": "IE",
      "isDeleted": false,
      "slug": "ireland",
      "createdAt": "2017-09-27T14:25:55.295Z",
      "updatedAt": "2017-09-27T14:25:55.295Z",
      "id": "59cbb4f310f24a2900800a11"
    },
    {
      "name": "Isle of Man",
      "countryCode": "+44",
      "isoCode": "IM",
      "isDeleted": false,
      "slug": "isle-of-man",
      "createdAt": "2017-09-27T14:25:55.343Z",
      "updatedAt": "2017-09-27T14:25:55.343Z",
      "id": "59cbb4f310f24a2900800a84"
    },
    {
      "name": "Israel",
      "countryCode": "+972",
      "isoCode": "IL",
      "isDeleted": false,
      "slug": "israel",
      "createdAt": "2017-09-27T14:25:55.245Z",
      "updatedAt": "2017-09-27T14:25:55.245Z",
      "id": "59cbb4f310f24a29008009b7"
    },
    {
      "name": "Italy",
      "countryCode": "+39",
      "isoCode": "IT",
      "isDeleted": false,
      "slug": "italy",
      "createdAt": "2017-09-27T14:25:55.295Z",
      "updatedAt": "2017-09-27T14:25:55.295Z",
      "id": "59cbb4f310f24a2900800a12"
    },
    {
      "name": "Jamaica",
      "countryCode": "+1 876",
      "isoCode": "JM",
      "isDeleted": false,
      "slug": "jamaica",
      "createdAt": "2017-09-27T14:25:55.296Z",
      "updatedAt": "2017-09-27T14:25:55.296Z",
      "id": "59cbb4f310f24a2900800a13"
    },
    {
      "name": "Japan",
      "countryCode": "+81",
      "isoCode": "JP",
      "isDeleted": false,
      "slug": "japan",
      "createdAt": "2017-09-27T14:25:55.297Z",
      "updatedAt": "2017-09-27T14:25:55.297Z",
      "id": "59cbb4f310f24a2900800a14"
    },
    {
      "name": "Jersey",
      "countryCode": "+44",
      "isoCode": "JE",
      "isDeleted": false,
      "slug": "jersey",
      "createdAt": "2017-09-27T14:25:55.343Z",
      "updatedAt": "2017-09-27T14:25:55.343Z",
      "id": "59cbb4f310f24a2900800a85"
    },
    {
      "name": "Jordan",
      "countryCode": "+962",
      "isoCode": "JO",
      "isDeleted": false,
      "slug": "jordan",
      "createdAt": "2017-09-27T14:25:55.297Z",
      "updatedAt": "2017-09-27T14:25:55.297Z",
      "id": "59cbb4f310f24a2900800a15"
    },
    {
      "name": "Kazakhstan",
      "countryCode": "+7 7",
      "isoCode": "KZ",
      "isDeleted": false,
      "slug": "kazakhstan",
      "createdAt": "2017-09-27T14:25:55.297Z",
      "updatedAt": "2017-09-27T14:25:55.297Z",
      "id": "59cbb4f310f24a2900800a16"
    },
    {
      "name": "Kenya",
      "countryCode": "+254",
      "isoCode": "KE",
      "isDeleted": false,
      "slug": "kenya",
      "createdAt": "2017-09-27T14:25:55.297Z",
      "updatedAt": "2017-09-27T14:25:55.297Z",
      "id": "59cbb4f310f24a2900800a17"
    },
    {
      "name": "Kiribati",
      "countryCode": "+686",
      "isoCode": "KI",
      "isDeleted": false,
      "slug": "kiribati",
      "createdAt": "2017-09-27T14:25:55.298Z",
      "updatedAt": "2017-09-27T14:25:55.298Z",
      "id": "59cbb4f310f24a2900800a18"
    },
    {
      "name": "Korea, Democratic People's Republic of",
      "countryCode": "+850",
      "isoCode": "KP",
      "isDeleted": false,
      "slug": "korea-democratic-peoples-republic-of",
      "createdAt": "2017-09-27T14:25:55.344Z",
      "updatedAt": "2017-09-27T14:25:55.344Z",
      "id": "59cbb4f310f24a2900800a86"
    },
    {
      "name": "Korea, Republic of",
      "countryCode": "+82",
      "isoCode": "KR",
      "isDeleted": false,
      "slug": "korea-republic-of",
      "createdAt": "2017-09-27T14:25:55.344Z",
      "updatedAt": "2017-09-27T14:25:55.344Z",
      "id": "59cbb4f310f24a2900800a87"
    },
    {
      "name": "Kuwait",
      "countryCode": "+965",
      "isoCode": "KW",
      "isDeleted": false,
      "slug": "kuwait",
      "createdAt": "2017-09-27T14:25:55.298Z",
      "updatedAt": "2017-09-27T14:25:55.298Z",
      "id": "59cbb4f310f24a2900800a19"
    },
    {
      "name": "Kyrgyzstan",
      "countryCode": "+996",
      "isoCode": "KG",
      "isDeleted": false,
      "slug": "kyrgyzstan",
      "createdAt": "2017-09-27T14:25:55.298Z",
      "updatedAt": "2017-09-27T14:25:55.298Z",
      "id": "59cbb4f310f24a2900800a1a"
    },
    {
      "name": "Lao People's Democratic Republic",
      "countryCode": "+856",
      "isoCode": "LA",
      "isDeleted": false,
      "slug": "lao-peoples-democratic-republic",
      "createdAt": "2017-09-27T14:25:55.344Z",
      "updatedAt": "2017-09-27T14:25:55.344Z",
      "id": "59cbb4f310f24a2900800a88"
    },
    {
      "name": "Latvia",
      "countryCode": "+371",
      "isoCode": "LV",
      "isDeleted": false,
      "slug": "latvia",
      "createdAt": "2017-09-27T14:25:55.299Z",
      "updatedAt": "2017-09-27T14:25:55.299Z",
      "id": "59cbb4f310f24a2900800a1b"
    },
    {
      "name": "Lebanon",
      "countryCode": "+961",
      "isoCode": "LB",
      "isDeleted": false,
      "slug": "lebanon",
      "createdAt": "2017-09-27T14:25:55.300Z",
      "updatedAt": "2017-09-27T14:25:55.300Z",
      "id": "59cbb4f310f24a2900800a1c"
    },
    {
      "name": "Lesotho",
      "countryCode": "+266",
      "isoCode": "LS",
      "isDeleted": false,
      "slug": "lesotho",
      "createdAt": "2017-09-27T14:25:55.300Z",
      "updatedAt": "2017-09-27T14:25:55.300Z",
      "id": "59cbb4f310f24a2900800a1d"
    },
    {
      "name": "Liberia",
      "countryCode": "+231",
      "isoCode": "LR",
      "isDeleted": false,
      "slug": "liberia",
      "createdAt": "2017-09-27T14:25:55.300Z",
      "updatedAt": "2017-09-27T14:25:55.300Z",
      "id": "59cbb4f310f24a2900800a1e"
    },
    {
      "name": "Libyan Arab Jamahiriya",
      "countryCode": "+218",
      "isoCode": "LY",
      "isDeleted": false,
      "slug": "libyan-arab-jamahiriya",
      "createdAt": "2017-09-27T14:25:55.344Z",
      "updatedAt": "2017-09-27T14:25:55.344Z",
      "id": "59cbb4f310f24a2900800a89"
    },
    {
      "name": "Liechtenstein",
      "countryCode": "+423",
      "isoCode": "LI",
      "isDeleted": false,
      "slug": "liechtenstein",
      "createdAt": "2017-09-27T14:25:55.300Z",
      "updatedAt": "2017-09-27T14:25:55.300Z",
      "id": "59cbb4f310f24a2900800a1f"
    },
    {
      "name": "Lithuania",
      "countryCode": "+370",
      "isoCode": "LT",
      "isDeleted": false,
      "slug": "lithuania",
      "createdAt": "2017-09-27T14:25:55.301Z",
      "updatedAt": "2017-09-27T14:25:55.301Z",
      "id": "59cbb4f310f24a2900800a20"
    },
    {
      "name": "Luxembourg",
      "countryCode": "+352",
      "isoCode": "LU",
      "isDeleted": false,
      "slug": "luxembourg",
      "createdAt": "2017-09-27T14:25:55.301Z",
      "updatedAt": "2017-09-27T14:25:55.301Z",
      "id": "59cbb4f310f24a2900800a21"
    },
    {
      "name": "Macao",
      "countryCode": "+853",
      "isoCode": "MO",
      "isDeleted": false,
      "slug": "macao",
      "createdAt": "2017-09-27T14:25:55.345Z",
      "updatedAt": "2017-09-27T14:25:55.345Z",
      "id": "59cbb4f310f24a2900800a8a"
    },
    {
      "name": "Macedonia, The Former Yugoslav Republic of",
      "countryCode": "+389",
      "isoCode": "MK",
      "isDeleted": false,
      "slug": "macedonia-the-former-yugoslav-republic-of",
      "createdAt": "2017-09-27T14:25:55.345Z",
      "updatedAt": "2017-09-27T14:25:55.345Z",
      "id": "59cbb4f310f24a2900800a8b"
    },
    {
      "name": "Madagascar",
      "countryCode": "+261",
      "isoCode": "MG",
      "isDeleted": false,
      "slug": "madagascar",
      "createdAt": "2017-09-27T14:25:55.301Z",
      "updatedAt": "2017-09-27T14:25:55.301Z",
      "id": "59cbb4f310f24a2900800a22"
    },
    {
      "name": "Malawi",
      "countryCode": "+265",
      "isoCode": "MW",
      "isDeleted": false,
      "slug": "malawi",
      "createdAt": "2017-09-27T14:25:55.301Z",
      "updatedAt": "2017-09-27T14:25:55.301Z",
      "id": "59cbb4f310f24a2900800a23"
    },
    {
      "name": "Malaysia",
      "countryCode": "+60",
      "isoCode": "MY",
      "isDeleted": false,
      "slug": "malaysia",
      "createdAt": "2017-09-27T14:25:55.302Z",
      "updatedAt": "2017-09-27T14:25:55.302Z",
      "id": "59cbb4f310f24a2900800a24"
    },
    {
      "name": "Maldives",
      "countryCode": "+960",
      "isoCode": "MV",
      "isDeleted": false,
      "slug": "maldives",
      "createdAt": "2017-09-27T14:25:55.302Z",
      "updatedAt": "2017-09-27T14:25:55.302Z",
      "id": "59cbb4f310f24a2900800a25"
    },
    {
      "name": "Mali",
      "countryCode": "+223",
      "isoCode": "ML",
      "isDeleted": false,
      "slug": "mali",
      "createdAt": "2017-09-27T14:25:55.302Z",
      "updatedAt": "2017-09-27T14:25:55.302Z",
      "id": "59cbb4f310f24a2900800a26"
    },
    {
      "name": "Malta",
      "countryCode": "+356",
      "isoCode": "MT",
      "isDeleted": false,
      "slug": "malta",
      "createdAt": "2017-09-27T14:25:55.303Z",
      "updatedAt": "2017-09-27T14:25:55.303Z",
      "id": "59cbb4f310f24a2900800a27"
    },
    {
      "name": "Marshall Islands",
      "countryCode": "+692",
      "isoCode": "MH",
      "isDeleted": false,
      "slug": "marshall-islands",
      "createdAt": "2017-09-27T14:25:55.303Z",
      "updatedAt": "2017-09-27T14:25:55.303Z",
      "id": "59cbb4f310f24a2900800a28"
    },
    {
      "name": "Martinique",
      "countryCode": "+596",
      "isoCode": "MQ",
      "isDeleted": false,
      "slug": "martinique",
      "createdAt": "2017-09-27T14:25:55.303Z",
      "updatedAt": "2017-09-27T14:25:55.303Z",
      "id": "59cbb4f310f24a2900800a29"
    },
    {
      "name": "Mauritania",
      "countryCode": "+222",
      "isoCode": "MR",
      "isDeleted": false,
      "slug": "mauritania",
      "createdAt": "2017-09-27T14:25:55.304Z",
      "updatedAt": "2017-09-27T14:25:55.304Z",
      "id": "59cbb4f310f24a2900800a2a"
    },
    {
      "name": "Mauritius",
      "countryCode": "+230",
      "isoCode": "MU",
      "isDeleted": false,
      "slug": "mauritius",
      "createdAt": "2017-09-27T14:25:55.304Z",
      "updatedAt": "2017-09-27T14:25:55.304Z",
      "id": "59cbb4f310f24a2900800a2b"
    },
    {
      "name": "Mayotte",
      "countryCode": "+262",
      "isoCode": "YT",
      "isDeleted": false,
      "slug": "mayotte",
      "createdAt": "2017-09-27T14:25:55.304Z",
      "updatedAt": "2017-09-27T14:25:55.304Z",
      "id": "59cbb4f310f24a2900800a2c"
    },
    {
      "name": "Mexico",
      "countryCode": "+52",
      "isoCode": "MX",
      "isDeleted": false,
      "slug": "mexico",
      "createdAt": "2017-09-27T14:25:55.305Z",
      "updatedAt": "2017-09-27T14:25:55.305Z",
      "id": "59cbb4f310f24a2900800a2d"
    },
    {
      "name": "Micronesia, Federated States of",
      "countryCode": "+691",
      "isoCode": "FM",
      "isDeleted": false,
      "slug": "micronesia-federated-states-of",
      "createdAt": "2017-09-27T14:25:55.345Z",
      "updatedAt": "2017-09-27T14:25:55.345Z",
      "id": "59cbb4f310f24a2900800a8c"
    },
    {
      "name": "Moldova, Republic of",
      "countryCode": "+373",
      "isoCode": "MD",
      "isDeleted": false,
      "slug": "moldova-republic-of",
      "createdAt": "2017-09-27T14:25:55.345Z",
      "updatedAt": "2017-09-27T14:25:55.345Z",
      "id": "59cbb4f310f24a2900800a8d"
    },
    {
      "name": "Monaco",
      "countryCode": "+377",
      "isoCode": "MC",
      "isDeleted": false,
      "slug": "monaco",
      "createdAt": "2017-09-27T14:25:55.305Z",
      "updatedAt": "2017-09-27T14:25:55.305Z",
      "id": "59cbb4f310f24a2900800a2e"
    },
    {
      "name": "Mongolia",
      "countryCode": "+976",
      "isoCode": "MN",
      "isDeleted": false,
      "slug": "mongolia",
      "createdAt": "2017-09-27T14:25:55.305Z",
      "updatedAt": "2017-09-27T14:25:55.305Z",
      "id": "59cbb4f310f24a2900800a2f"
    },
    {
      "name": "Montenegro",
      "countryCode": "+382",
      "isoCode": "ME",
      "isDeleted": false,
      "slug": "montenegro",
      "createdAt": "2017-09-27T14:25:55.305Z",
      "updatedAt": "2017-09-27T14:25:55.305Z",
      "id": "59cbb4f310f24a2900800a30"
    },
    {
      "name": "Montserrat",
      "countryCode": "+1664",
      "isoCode": "MS",
      "isDeleted": false,
      "slug": "montserrat",
      "createdAt": "2017-09-27T14:25:55.306Z",
      "updatedAt": "2017-09-27T14:25:55.306Z",
      "id": "59cbb4f310f24a2900800a31"
    },
    {
      "name": "Morocco",
      "countryCode": "+212",
      "isoCode": "MA",
      "isDeleted": false,
      "slug": "morocco",
      "createdAt": "2017-09-27T14:25:55.307Z",
      "updatedAt": "2017-09-27T14:25:55.307Z",
      "id": "59cbb4f310f24a2900800a32"
    },
    {
      "name": "Mozambique",
      "countryCode": "+258",
      "isoCode": "MZ",
      "isDeleted": false,
      "slug": "mozambique",
      "createdAt": "2017-09-27T14:25:55.346Z",
      "updatedAt": "2017-09-27T14:25:55.346Z",
      "id": "59cbb4f310f24a2900800a8e"
    },
    {
      "name": "Myanmar",
      "countryCode": "+95",
      "isoCode": "MM",
      "isDeleted": false,
      "slug": "myanmar",
      "createdAt": "2017-09-27T14:25:55.307Z",
      "updatedAt": "2017-09-27T14:25:55.307Z",
      "id": "59cbb4f310f24a2900800a33"
    },
    {
      "name": "Namibia",
      "countryCode": "+264",
      "isoCode": "NA",
      "isDeleted": false,
      "slug": "namibia",
      "createdAt": "2017-09-27T14:25:55.307Z",
      "updatedAt": "2017-09-27T14:25:55.307Z",
      "id": "59cbb4f310f24a2900800a34"
    },
    {
      "name": "Nauru",
      "countryCode": "+674",
      "isoCode": "NR",
      "isDeleted": false,
      "slug": "nauru",
      "createdAt": "2017-09-27T14:25:55.307Z",
      "updatedAt": "2017-09-27T14:25:55.307Z",
      "id": "59cbb4f310f24a2900800a35"
    },
    {
      "name": "Nepal",
      "countryCode": "+977",
      "isoCode": "NP",
      "isDeleted": false,
      "slug": "nepal",
      "createdAt": "2017-09-27T14:25:55.308Z",
      "updatedAt": "2017-09-27T14:25:55.308Z",
      "id": "59cbb4f310f24a2900800a36"
    },
    {
      "name": "Netherlands",
      "countryCode": "+31",
      "isoCode": "NL",
      "isDeleted": false,
      "slug": "netherlands",
      "createdAt": "2017-09-27T14:25:55.309Z",
      "updatedAt": "2017-09-27T14:25:55.309Z",
      "id": "59cbb4f310f24a2900800a37"
    },
    {
      "name": "Netherlands Antilles",
      "countryCode": "+599",
      "isoCode": "AN",
      "isDeleted": false,
      "slug": "netherlands-antilles",
      "createdAt": "2017-09-27T14:25:55.310Z",
      "updatedAt": "2017-09-27T14:25:55.310Z",
      "id": "59cbb4f310f24a2900800a38"
    },
    {
      "name": "New Caledonia",
      "countryCode": "+687",
      "isoCode": "NC",
      "isDeleted": false,
      "slug": "new-caledonia",
      "createdAt": "2017-09-27T14:25:55.319Z",
      "updatedAt": "2017-09-27T14:25:55.319Z",
      "id": "59cbb4f310f24a2900800a39"
    },
    {
      "name": "New Zealand",
      "countryCode": "+64",
      "isoCode": "NZ",
      "isDeleted": false,
      "slug": "new-zealand",
      "createdAt": "2017-09-27T14:25:55.319Z",
      "updatedAt": "2017-09-27T14:25:55.319Z",
      "id": "59cbb4f310f24a2900800a3a"
    },
    {
      "name": "Nicaragua",
      "countryCode": "+505",
      "isoCode": "NI",
      "isDeleted": false,
      "slug": "nicaragua",
      "createdAt": "2017-09-27T14:25:55.320Z",
      "updatedAt": "2017-09-27T14:25:55.320Z",
      "id": "59cbb4f310f24a2900800a3b"
    },
    {
      "name": "Niger",
      "countryCode": "+227",
      "isoCode": "NE",
      "isDeleted": false,
      "slug": "niger",
      "createdAt": "2017-09-27T14:25:55.320Z",
      "updatedAt": "2017-09-27T14:25:55.320Z",
      "id": "59cbb4f310f24a2900800a3c"
    },
    {
      "name": "Nigeria",
      "isoCode": "NG",
      "countryCode": "+234",
      "lat": 8,
      "long": 10,
      "location": { "type": "Point", "coordinates": [10, 8] },
      "isDeleted": false,
      "slug": "nigeria",
      "createdAt": "2017-09-27T14:25:55.243Z",
      "updatedAt": "2017-09-27T14:25:55.243Z",
      "id": "59cbb4f310f24a29008009b6"
    },
    {
      "name": "Niue",
      "countryCode": "+683",
      "isoCode": "NU",
      "isDeleted": false,
      "slug": "niue",
      "createdAt": "2017-09-27T14:25:55.320Z",
      "updatedAt": "2017-09-27T14:25:55.320Z",
      "id": "59cbb4f310f24a2900800a3d"
    },
    {
      "name": "Norfolk Island",
      "countryCode": "+672",
      "isoCode": "NF",
      "isDeleted": false,
      "slug": "norfolk-island",
      "createdAt": "2017-09-27T14:25:55.320Z",
      "updatedAt": "2017-09-27T14:25:55.320Z",
      "id": "59cbb4f310f24a2900800a3e"
    },
    {
      "name": "Northern Mariana Islands",
      "countryCode": "+1 670",
      "isoCode": "MP",
      "isDeleted": false,
      "slug": "northern-mariana-islands",
      "createdAt": "2017-09-27T14:25:55.321Z",
      "updatedAt": "2017-09-27T14:25:55.321Z",
      "id": "59cbb4f310f24a2900800a3f"
    },
    {
      "name": "Norway",
      "countryCode": "+47",
      "isoCode": "NO",
      "isDeleted": false,
      "slug": "norway",
      "createdAt": "2017-09-27T14:25:55.321Z",
      "updatedAt": "2017-09-27T14:25:55.321Z",
      "id": "59cbb4f310f24a2900800a40"
    },
    {
      "name": "Oman",
      "countryCode": "+968",
      "isoCode": "OM",
      "isDeleted": false,
      "slug": "oman",
      "createdAt": "2017-09-27T14:25:55.321Z",
      "updatedAt": "2017-09-27T14:25:55.321Z",
      "id": "59cbb4f310f24a2900800a41"
    },
    {
      "name": "Pakistan",
      "countryCode": "+92",
      "isoCode": "PK",
      "isDeleted": false,
      "slug": "pakistan",
      "createdAt": "2017-09-27T14:25:55.322Z",
      "updatedAt": "2017-09-27T14:25:55.322Z",
      "id": "59cbb4f310f24a2900800a42"
    },
    {
      "name": "Palau",
      "countryCode": "+680",
      "isoCode": "PW",
      "isDeleted": false,
      "slug": "palau",
      "createdAt": "2017-09-27T14:25:55.323Z",
      "updatedAt": "2017-09-27T14:25:55.323Z",
      "id": "59cbb4f310f24a2900800a43"
    },
    {
      "name": "Palestinian Territory, Occupied",
      "countryCode": "+970",
      "isoCode": "PS",
      "isDeleted": false,
      "slug": "palestinian-territory-occupied",
      "createdAt": "2017-09-27T14:25:55.346Z",
      "updatedAt": "2017-09-27T14:25:55.346Z",
      "id": "59cbb4f310f24a2900800a8f"
    },
    {
      "name": "Panama",
      "countryCode": "+507",
      "isoCode": "PA",
      "isDeleted": false,
      "slug": "panama",
      "createdAt": "2017-09-27T14:25:55.323Z",
      "updatedAt": "2017-09-27T14:25:55.323Z",
      "id": "59cbb4f310f24a2900800a44"
    },
    {
      "name": "Papua New Guinea",
      "countryCode": "+675",
      "isoCode": "PG",
      "isDeleted": false,
      "slug": "papua-new-guinea",
      "createdAt": "2017-09-27T14:25:55.323Z",
      "updatedAt": "2017-09-27T14:25:55.323Z",
      "id": "59cbb4f310f24a2900800a45"
    },
    {
      "name": "Paraguay",
      "countryCode": "+595",
      "isoCode": "PY",
      "isDeleted": false,
      "slug": "paraguay",
      "createdAt": "2017-09-27T14:25:55.324Z",
      "updatedAt": "2017-09-27T14:25:55.324Z",
      "id": "59cbb4f310f24a2900800a46"
    },
    {
      "name": "Peru",
      "countryCode": "+51",
      "isoCode": "PE",
      "isDeleted": false,
      "slug": "peru",
      "createdAt": "2017-09-27T14:25:55.324Z",
      "updatedAt": "2017-09-27T14:25:55.324Z",
      "id": "59cbb4f310f24a2900800a47"
    },
    {
      "name": "Philippines",
      "countryCode": "+63",
      "isoCode": "PH",
      "isDeleted": false,
      "slug": "philippines",
      "createdAt": "2017-09-27T14:25:55.324Z",
      "updatedAt": "2017-09-27T14:25:55.324Z",
      "id": "59cbb4f310f24a2900800a48"
    },
    {
      "name": "Pitcairn",
      "countryCode": "+872",
      "isoCode": "PN",
      "isDeleted": false,
      "slug": "pitcairn",
      "createdAt": "2017-09-27T14:25:55.346Z",
      "updatedAt": "2017-09-27T14:25:55.346Z",
      "id": "59cbb4f310f24a2900800a90"
    },
    {
      "name": "Poland",
      "countryCode": "+48",
      "isoCode": "PL",
      "isDeleted": false,
      "slug": "poland",
      "createdAt": "2017-09-27T14:25:55.324Z",
      "updatedAt": "2017-09-27T14:25:55.324Z",
      "id": "59cbb4f310f24a2900800a49"
    },
    {
      "name": "Portugal",
      "countryCode": "+351",
      "isoCode": "PT",
      "isDeleted": false,
      "slug": "portugal",
      "createdAt": "2017-09-27T14:25:55.325Z",
      "updatedAt": "2017-09-27T14:25:55.325Z",
      "id": "59cbb4f310f24a2900800a4a"
    },
    {
      "name": "Puerto Rico",
      "countryCode": "+1 939",
      "isoCode": "PR",
      "isDeleted": false,
      "slug": "puerto-rico",
      "createdAt": "2017-09-27T14:25:55.325Z",
      "updatedAt": "2017-09-27T14:25:55.325Z",
      "id": "59cbb4f310f24a2900800a4b"
    },
    {
      "name": "Qatar",
      "countryCode": "+974",
      "isoCode": "QA",
      "isDeleted": false,
      "slug": "qatar",
      "createdAt": "2017-09-27T14:25:55.325Z",
      "updatedAt": "2017-09-27T14:25:55.325Z",
      "id": "59cbb4f310f24a2900800a4c"
    },
    {
      "name": "Romania",
      "countryCode": "+40",
      "isoCode": "RO",
      "isDeleted": false,
      "slug": "romania",
      "createdAt": "2017-09-27T14:25:55.325Z",
      "updatedAt": "2017-09-27T14:25:55.325Z",
      "id": "59cbb4f310f24a2900800a4d"
    },
    {
      "name": "Russia",
      "countryCode": "+7",
      "isoCode": "RU",
      "isDeleted": false,
      "slug": "russia",
      "createdAt": "2017-09-27T14:25:55.347Z",
      "updatedAt": "2017-09-27T14:25:55.347Z",
      "id": "59cbb4f310f24a2900800a92"
    },
    {
      "name": "Rwanda",
      "countryCode": "+250",
      "isoCode": "RW",
      "isDeleted": false,
      "slug": "rwanda",
      "createdAt": "2017-09-27T14:25:55.326Z",
      "updatedAt": "2017-09-27T14:25:55.326Z",
      "id": "59cbb4f310f24a2900800a4e"
    },
    {
      "name": "Réunion",
      "countryCode": "+262",
      "isoCode": "RE",
      "isDeleted": false,
      "slug": "reunion",
      "createdAt": "2017-09-27T14:25:55.347Z",
      "updatedAt": "2017-09-27T14:25:55.347Z",
      "id": "59cbb4f310f24a2900800a91"
    },
    {
      "name": "Saint Barthélemy",
      "countryCode": "+590",
      "isoCode": "BL",
      "isDeleted": false,
      "slug": "saint-barthelemy",
      "createdAt": "2017-09-27T14:25:55.347Z",
      "updatedAt": "2017-09-27T14:25:55.347Z",
      "id": "59cbb4f310f24a2900800a93"
    },
    {
      "name": "Saint Helena, Ascension and Tristan Da Cunha",
      "countryCode": "+290",
      "isoCode": "SH",
      "isDeleted": false,
      "slug": "saint-helena-ascension-and-tristan-da-cunha",
      "createdAt": "2017-09-27T14:25:55.347Z",
      "updatedAt": "2017-09-27T14:25:55.347Z",
      "id": "59cbb4f310f24a2900800a94"
    },
    {
      "name": "Saint Kitts and Nevis",
      "countryCode": "+1 869",
      "isoCode": "KN",
      "isDeleted": false,
      "slug": "saint-kitts-and-nevis",
      "createdAt": "2017-09-27T14:25:55.348Z",
      "updatedAt": "2017-09-27T14:25:55.348Z",
      "id": "59cbb4f310f24a2900800a95"
    },
    {
      "name": "Saint Lucia",
      "countryCode": "+1 758",
      "isoCode": "LC",
      "isDeleted": false,
      "slug": "saint-lucia",
      "createdAt": "2017-09-27T14:25:55.348Z",
      "updatedAt": "2017-09-27T14:25:55.348Z",
      "id": "59cbb4f310f24a2900800a96"
    },
    {
      "name": "Saint Martin",
      "countryCode": "+590",
      "isoCode": "MF",
      "isDeleted": false,
      "slug": "saint-martin",
      "createdAt": "2017-09-27T14:25:55.348Z",
      "updatedAt": "2017-09-27T14:25:55.348Z",
      "id": "59cbb4f310f24a2900800a97"
    },
    {
      "name": "Saint Pierre and Miquelon",
      "countryCode": "+508",
      "isoCode": "PM",
      "isDeleted": false,
      "slug": "saint-pierre-and-miquelon",
      "createdAt": "2017-09-27T14:25:55.349Z",
      "updatedAt": "2017-09-27T14:25:55.349Z",
      "id": "59cbb4f310f24a2900800a98"
    },
    {
      "name": "Saint Vincent and the Grenadines",
      "countryCode": "+1 784",
      "isoCode": "VC",
      "isDeleted": false,
      "slug": "saint-vincent-and-the-grenadines",
      "createdAt": "2017-09-27T14:25:55.349Z",
      "updatedAt": "2017-09-27T14:25:55.349Z",
      "id": "59cbb4f310f24a2900800a99"
    },
    {
      "name": "Samoa",
      "countryCode": "+685",
      "isoCode": "WS",
      "isDeleted": false,
      "slug": "samoa",
      "createdAt": "2017-09-27T14:25:55.326Z",
      "updatedAt": "2017-09-27T14:25:55.326Z",
      "id": "59cbb4f310f24a2900800a4f"
    },
    {
      "name": "San Marino",
      "countryCode": "+378",
      "isoCode": "SM",
      "isDeleted": false,
      "slug": "san-marino",
      "createdAt": "2017-09-27T14:25:55.326Z",
      "updatedAt": "2017-09-27T14:25:55.326Z",
      "id": "59cbb4f310f24a2900800a50"
    },
    {
      "name": "Sao Tome and Principe",
      "countryCode": "+239",
      "isoCode": "ST",
      "isDeleted": false,
      "slug": "sao-tome-and-principe",
      "createdAt": "2017-09-27T14:25:55.349Z",
      "updatedAt": "2017-09-27T14:25:55.349Z",
      "id": "59cbb4f310f24a2900800a9a"
    },
    {
      "name": "Saudi Arabia",
      "countryCode": "+966",
      "isoCode": "SA",
      "isDeleted": false,
      "slug": "saudi-arabia",
      "createdAt": "2017-09-27T14:25:55.326Z",
      "updatedAt": "2017-09-27T14:25:55.326Z",
      "id": "59cbb4f310f24a2900800a51"
    },
    {
      "name": "Senegal",
      "countryCode": "+221",
      "isoCode": "SN",
      "isDeleted": false,
      "slug": "senegal",
      "createdAt": "2017-09-27T14:25:55.327Z",
      "updatedAt": "2017-09-27T14:25:55.327Z",
      "id": "59cbb4f310f24a2900800a52"
    },
    {
      "name": "Serbia",
      "countryCode": "+381",
      "isoCode": "RS",
      "isDeleted": false,
      "slug": "serbia",
      "createdAt": "2017-09-27T14:25:55.327Z",
      "updatedAt": "2017-09-27T14:25:55.327Z",
      "id": "59cbb4f310f24a2900800a53"
    },
    {
      "name": "Seychelles",
      "countryCode": "+248",
      "isoCode": "SC",
      "isDeleted": false,
      "slug": "seychelles",
      "createdAt": "2017-09-27T14:25:55.327Z",
      "updatedAt": "2017-09-27T14:25:55.327Z",
      "id": "59cbb4f310f24a2900800a54"
    },
    {
      "name": "Sierra Leone",
      "countryCode": "+232",
      "isoCode": "SL",
      "isDeleted": false,
      "slug": "sierra-leone",
      "createdAt": "2017-09-27T14:25:55.327Z",
      "updatedAt": "2017-09-27T14:25:55.327Z",
      "id": "59cbb4f310f24a2900800a55"
    },
    {
      "name": "Singapore",
      "countryCode": "+65",
      "isoCode": "SG",
      "isDeleted": false,
      "slug": "singapore",
      "createdAt": "2017-09-27T14:25:55.328Z",
      "updatedAt": "2017-09-27T14:25:55.328Z",
      "id": "59cbb4f310f24a2900800a56"
    },
    {
      "name": "Slovakia",
      "countryCode": "+421",
      "isoCode": "SK",
      "isDeleted": false,
      "slug": "slovakia",
      "createdAt": "2017-09-27T14:25:55.328Z",
      "updatedAt": "2017-09-27T14:25:55.328Z",
      "id": "59cbb4f310f24a2900800a57"
    },
    {
      "name": "Slovenia",
      "countryCode": "+386",
      "isoCode": "SI",
      "isDeleted": false,
      "slug": "slovenia",
      "createdAt": "2017-09-27T14:25:55.328Z",
      "updatedAt": "2017-09-27T14:25:55.328Z",
      "id": "59cbb4f310f24a2900800a58"
    },
    {
      "name": "Solomon Islands",
      "countryCode": "+677",
      "isoCode": "SB",
      "isDeleted": false,
      "slug": "solomon-islands",
      "createdAt": "2017-09-27T14:25:55.328Z",
      "updatedAt": "2017-09-27T14:25:55.328Z",
      "id": "59cbb4f310f24a2900800a59"
    },
    {
      "name": "Somalia",
      "countryCode": "+252",
      "isoCode": "SO",
      "isDeleted": false,
      "slug": "somalia",
      "createdAt": "2017-09-27T14:25:55.349Z",
      "updatedAt": "2017-09-27T14:25:55.349Z",
      "id": "59cbb4f310f24a2900800a9b"
    },
    {
      "name": "South Africa",
      "countryCode": "+27",
      "isoCode": "ZA",
      "isDeleted": false,
      "slug": "south-africa",
      "createdAt": "2017-09-27T14:25:55.328Z",
      "updatedAt": "2017-09-27T14:25:55.328Z",
      "id": "59cbb4f310f24a2900800a5a"
    },
    {
      "name": "South Georgia and the South Sandwich Islands",
      "countryCode": "+500",
      "isoCode": "GS",
      "isDeleted": false,
      "slug": "south-georgia-and-the-south-sandwich-islands",
      "createdAt": "2017-09-27T14:25:55.329Z",
      "updatedAt": "2017-09-27T14:25:55.329Z",
      "id": "59cbb4f310f24a2900800a5b"
    },
    {
      "name": "Spain",
      "countryCode": "+34",
      "isoCode": "ES",
      "isDeleted": false,
      "slug": "spain",
      "createdAt": "2017-09-27T14:25:55.329Z",
      "updatedAt": "2017-09-27T14:25:55.329Z",
      "id": "59cbb4f310f24a2900800a5c"
    },
    {
      "name": "Sri Lanka",
      "countryCode": "+94",
      "isoCode": "LK",
      "isDeleted": false,
      "slug": "sri-lanka",
      "createdAt": "2017-09-27T14:25:55.329Z",
      "updatedAt": "2017-09-27T14:25:55.329Z",
      "id": "59cbb4f310f24a2900800a5d"
    },
    {
      "name": "Sudan",
      "countryCode": "+249",
      "isoCode": "SD",
      "isDeleted": false,
      "slug": "sudan",
      "createdAt": "2017-09-27T14:25:55.329Z",
      "updatedAt": "2017-09-27T14:25:55.329Z",
      "id": "59cbb4f310f24a2900800a5e"
    },
    {
      "name": "Suricountry",
      "countryCode": "+597",
      "isoCode": "SR",
      "isDeleted": false,
      "slug": "suricountry",
      "createdAt": "2017-09-27T14:25:55.330Z",
      "updatedAt": "2017-09-27T14:25:55.330Z",
      "id": "59cbb4f310f24a2900800a5f"
    },
    {
      "name": "Svalbard and Jan Mayen",
      "countryCode": "+47",
      "isoCode": "SJ",
      "isDeleted": false,
      "slug": "svalbard-and-jan-mayen",
      "createdAt": "2017-09-27T14:25:55.350Z",
      "updatedAt": "2017-09-27T14:25:55.350Z",
      "id": "59cbb4f310f24a2900800a9c"
    },
    {
      "name": "Swaziland",
      "countryCode": "+268",
      "isoCode": "SZ",
      "isDeleted": false,
      "slug": "swaziland",
      "createdAt": "2017-09-27T14:25:55.330Z",
      "updatedAt": "2017-09-27T14:25:55.330Z",
      "id": "59cbb4f310f24a2900800a60"
    },
    {
      "name": "Sweden",
      "countryCode": "+46",
      "isoCode": "SE",
      "isDeleted": false,
      "slug": "sweden",
      "createdAt": "2017-09-27T14:25:55.331Z",
      "updatedAt": "2017-09-27T14:25:55.331Z",
      "id": "59cbb4f310f24a2900800a61"
    },
    {
      "name": "Switzerland",
      "countryCode": "+41",
      "isoCode": "CH",
      "isDeleted": false,
      "slug": "switzerland",
      "createdAt": "2017-09-27T14:25:55.331Z",
      "updatedAt": "2017-09-27T14:25:55.331Z",
      "id": "59cbb4f310f24a2900800a62"
    },
    {
      "name": "Syrian Arab Republic",
      "countryCode": "+963",
      "isoCode": "SY",
      "isDeleted": false,
      "slug": "syrian-arab-republic",
      "createdAt": "2017-09-27T14:25:55.350Z",
      "updatedAt": "2017-09-27T14:25:55.350Z",
      "id": "59cbb4f310f24a2900800a9d"
    },
    {
      "name": "Taiwan, Province of China",
      "countryCode": "+886",
      "isoCode": "TW",
      "isDeleted": false,
      "slug": "taiwan-province-of-china",
      "createdAt": "2017-09-27T14:25:55.350Z",
      "updatedAt": "2017-09-27T14:25:55.350Z",
      "id": "59cbb4f310f24a2900800a9e"
    },
    {
      "name": "Tajikistan",
      "countryCode": "+992",
      "isoCode": "TJ",
      "isDeleted": false,
      "slug": "tajikistan",
      "createdAt": "2017-09-27T14:25:55.331Z",
      "updatedAt": "2017-09-27T14:25:55.331Z",
      "id": "59cbb4f310f24a2900800a63"
    },
    {
      "name": "Tanzania, United Republic of",
      "countryCode": "+255",
      "isoCode": "TZ",
      "isDeleted": false,
      "slug": "tanzania-united-republic-of",
      "createdAt": "2017-09-27T14:25:55.351Z",
      "updatedAt": "2017-09-27T14:25:55.351Z",
      "id": "59cbb4f310f24a2900800a9f"
    },
    {
      "name": "Thailand",
      "countryCode": "+66",
      "isoCode": "TH",
      "isDeleted": false,
      "slug": "thailand",
      "createdAt": "2017-09-27T14:25:55.331Z",
      "updatedAt": "2017-09-27T14:25:55.331Z",
      "id": "59cbb4f310f24a2900800a64"
    },
    {
      "name": "Timor-Leste",
      "countryCode": "+670",
      "isoCode": "TL",
      "isDeleted": false,
      "slug": "timor-leste",
      "createdAt": "2017-09-27T14:25:55.351Z",
      "updatedAt": "2017-09-27T14:25:55.351Z",
      "id": "59cbb4f310f24a2900800aa0"
    },
    {
      "name": "Togo",
      "countryCode": "+228",
      "isoCode": "TG",
      "isDeleted": false,
      "slug": "togo",
      "createdAt": "2017-09-27T14:25:55.332Z",
      "updatedAt": "2017-09-27T14:25:55.332Z",
      "id": "59cbb4f310f24a2900800a65"
    },
    {
      "name": "Tokelau",
      "countryCode": "+690",
      "isoCode": "TK",
      "isDeleted": false,
      "slug": "tokelau",
      "createdAt": "2017-09-27T14:25:55.332Z",
      "updatedAt": "2017-09-27T14:25:55.332Z",
      "id": "59cbb4f310f24a2900800a66"
    },
    {
      "name": "Tonga",
      "countryCode": "+676",
      "isoCode": "TO",
      "isDeleted": false,
      "slug": "tonga",
      "createdAt": "2017-09-27T14:25:55.332Z",
      "updatedAt": "2017-09-27T14:25:55.332Z",
      "id": "59cbb4f310f24a2900800a67"
    },
    {
      "name": "Trinidad and Tobago",
      "countryCode": "+1 868",
      "isoCode": "TT",
      "isDeleted": false,
      "slug": "trinidad-and-tobago",
      "createdAt": "2017-09-27T14:25:55.333Z",
      "updatedAt": "2017-09-27T14:25:55.333Z",
      "id": "59cbb4f310f24a2900800a68"
    },
    {
      "name": "Tunisia",
      "countryCode": "+216",
      "isoCode": "TN",
      "isDeleted": false,
      "slug": "tunisia",
      "createdAt": "2017-09-27T14:25:55.333Z",
      "updatedAt": "2017-09-27T14:25:55.333Z",
      "id": "59cbb4f310f24a2900800a69"
    },
    {
      "name": "Turkey",
      "countryCode": "+90",
      "isoCode": "TR",
      "isDeleted": false,
      "slug": "turkey",
      "createdAt": "2017-09-27T14:25:55.333Z",
      "updatedAt": "2017-09-27T14:25:55.333Z",
      "id": "59cbb4f310f24a2900800a6a"
    },
    {
      "name": "Turkmenistan",
      "countryCode": "+993",
      "isoCode": "TM",
      "isDeleted": false,
      "slug": "turkmenistan",
      "createdAt": "2017-09-27T14:25:55.333Z",
      "updatedAt": "2017-09-27T14:25:55.333Z",
      "id": "59cbb4f310f24a2900800a6b"
    },
    {
      "name": "Turks and Caicos Islands",
      "countryCode": "+1 649",
      "isoCode": "TC",
      "isDeleted": false,
      "slug": "turks-and-caicos-islands",
      "createdAt": "2017-09-27T14:25:55.334Z",
      "updatedAt": "2017-09-27T14:25:55.334Z",
      "id": "59cbb4f310f24a2900800a6c"
    },
    {
      "name": "Tuvalu",
      "countryCode": "+688",
      "isoCode": "TV",
      "isDeleted": false,
      "slug": "tuvalu",
      "createdAt": "2017-09-27T14:25:55.334Z",
      "updatedAt": "2017-09-27T14:25:55.334Z",
      "id": "59cbb4f310f24a2900800a6d"
    },
    {
      "name": "Uganda",
      "countryCode": "+256",
      "isoCode": "UG",
      "isDeleted": false,
      "slug": "uganda",
      "createdAt": "2017-09-27T14:25:55.334Z",
      "updatedAt": "2017-09-27T14:25:55.334Z",
      "id": "59cbb4f310f24a2900800a6e"
    },
    {
      "name": "Ukraine",
      "countryCode": "+380",
      "isoCode": "UA",
      "isDeleted": false,
      "slug": "ukraine",
      "createdAt": "2017-09-27T14:25:55.335Z",
      "updatedAt": "2017-09-27T14:25:55.335Z",
      "id": "59cbb4f310f24a2900800a6f"
    },
    {
      "name": "United Arab Emirates",
      "countryCode": "+971",
      "isoCode": "AE",
      "isDeleted": false,
      "slug": "united-arab-emirates",
      "createdAt": "2017-09-27T14:25:55.335Z",
      "updatedAt": "2017-09-27T14:25:55.335Z",
      "id": "59cbb4f310f24a2900800a70"
    },
    {
      "name": "United Kingdom",
      "countryCode": "+44",
      "isoCode": "GB",
      "isDeleted": false,
      "slug": "united-kingdom",
      "createdAt": "2017-09-27T14:25:55.335Z",
      "updatedAt": "2017-09-27T14:25:55.335Z",
      "id": "59cbb4f310f24a2900800a71"
    },
    {
      "name": "United States",
      "countryCode": "+1",
      "isoCode": "US",
      "isDeleted": false,
      "slug": "united-states",
      "createdAt": "2017-09-27T14:25:55.336Z",
      "updatedAt": "2017-09-27T14:25:55.336Z",
      "id": "59cbb4f310f24a2900800a72"
    },
    {
      "name": "Uruguay",
      "countryCode": "+598",
      "isoCode": "UY",
      "isDeleted": false,
      "slug": "uruguay",
      "createdAt": "2017-09-27T14:25:55.336Z",
      "updatedAt": "2017-09-27T14:25:55.336Z",
      "id": "59cbb4f310f24a2900800a73"
    },
    {
      "name": "Uzbekistan",
      "countryCode": "+998",
      "isoCode": "UZ",
      "isDeleted": false,
      "slug": "uzbekistan",
      "createdAt": "2017-09-27T14:25:55.337Z",
      "updatedAt": "2017-09-27T14:25:55.337Z",
      "id": "59cbb4f310f24a2900800a74"
    },
    {
      "name": "Vanuatu",
      "countryCode": "+678",
      "isoCode": "VU",
      "isDeleted": false,
      "slug": "vanuatu",
      "createdAt": "2017-09-27T14:25:55.337Z",
      "updatedAt": "2017-09-27T14:25:55.337Z",
      "id": "59cbb4f310f24a2900800a75"
    },
    {
      "name": "Venezuela, Bolivarian Republic of",
      "countryCode": "+58",
      "isoCode": "VE",
      "isDeleted": false,
      "slug": "venezuela-bolivarian-republic-of",
      "createdAt": "2017-09-27T14:25:55.351Z",
      "updatedAt": "2017-09-27T14:25:55.351Z",
      "id": "59cbb4f310f24a2900800aa1"
    },
    {
      "name": "Viet Nam",
      "countryCode": "+84",
      "isoCode": "VN",
      "isDeleted": false,
      "slug": "viet-nam",
      "createdAt": "2017-09-27T14:25:55.351Z",
      "updatedAt": "2017-09-27T14:25:55.351Z",
      "id": "59cbb4f310f24a2900800aa2"
    },
    {
      "name": "Virgin Islands, British",
      "countryCode": "+1 284",
      "isoCode": "VG",
      "isDeleted": false,
      "slug": "virgin-islands-british",
      "createdAt": "2017-09-27T14:25:55.352Z",
      "updatedAt": "2017-09-27T14:25:55.352Z",
      "id": "59cbb4f310f24a2900800aa3"
    },
    {
      "name": "Virgin Islands, U.S.",
      "countryCode": "+1 340",
      "isoCode": "VI",
      "isDeleted": false,
      "slug": "virgin-islands-us",
      "createdAt": "2017-09-27T14:25:55.352Z",
      "updatedAt": "2017-09-27T14:25:55.352Z",
      "id": "59cbb4f310f24a2900800aa4"
    },
    {
      "name": "Wallis and Futuna",
      "countryCode": "+681",
      "isoCode": "WF",
      "isDeleted": false,
      "slug": "wallis-and-futuna",
      "createdAt": "2017-09-27T14:25:55.337Z",
      "updatedAt": "2017-09-27T14:25:55.337Z",
      "id": "59cbb4f310f24a2900800a76"
    },
    {
      "name": "Yemen",
      "countryCode": "+967",
      "isoCode": "YE",
      "isDeleted": false,
      "slug": "yemen",
      "createdAt": "2017-09-27T14:25:55.338Z",
      "updatedAt": "2017-09-27T14:25:55.338Z",
      "id": "59cbb4f310f24a2900800a77"
    },
    {
      "name": "Zambia",
      "countryCode": "+260",
      "isoCode": "ZM",
      "isDeleted": false,
      "slug": "zambia",
      "createdAt": "2017-09-27T14:25:55.338Z",
      "updatedAt": "2017-09-27T14:25:55.338Z",
      "id": "59cbb4f310f24a2900800a78"
    },
    {
      "name": "Zimbabwe",
      "countryCode": "+263",
      "isoCode": "ZW",
      "isDeleted": false,
      "slug": "zimbabwe",
      "createdAt": "2017-09-27T14:25:55.338Z",
      "updatedAt": "2017-09-27T14:25:55.338Z",
      "id": "59cbb4f310f24a2900800a79"
    }
  ]
}
